"Laikotarpis","Rodiklis","Apskritys","Gyvenamoji vietovė","Lytis","Amžius (15 metų ir vyresni)","Matavimo vienetai","Reikšmė"
"2014","Neaktyvūs gyventojai","Lietuvos Respublika","Miestas ir kaimas","Vyrai ir moterys","15 metų ir vyresni","tūkst.","1029.5"
"2015","Neaktyvūs gyventojai","Lietuvos Respublika","Miestas ir kaimas","Vyrai ir moterys","15 metų ir vyresni","tūkst.","1014.1"
"2016","Neaktyvūs gyventojai","Lietuvos Respublika","Miestas ir kaimas","Vyrai ir moterys","15 metų ir vyresni","tūkst.","971.5"
"2017","Neaktyvūs gyventojai","Lietuvos Respublika","Miestas ir kaimas","Vyrai ir moterys","15 metų ir vyresni","tūkst.","947.8"
"2018","Neaktyvūs gyventojai","Lietuvos Respublika","Miestas ir kaimas","Vyrai ir moterys","15 metų ir vyresni","tūkst.","915.1"
"2014","Neaktyvūs gyventojai","Sostinės regionas","Miestas ir kaimas","Vyrai ir moterys","15 metų ir vyresni","tūkst.","267.7"
"2015","Neaktyvūs gyventojai","Sostinės regionas","Miestas ir kaimas","Vyrai ir moterys","15 metų ir vyresni","tūkst.","262.5"
"2016","Neaktyvūs gyventojai","Sostinės regionas","Miestas ir kaimas","Vyrai ir moterys","15 metų ir vyresni","tūkst.","247.6"
"2017","Neaktyvūs gyventojai","Sostinės regionas","Miestas ir kaimas","Vyrai ir moterys","15 metų ir vyresni","tūkst.","232.0"
"2018","Neaktyvūs gyventojai","Sostinės regionas","Miestas ir kaimas","Vyrai ir moterys","15 metų ir vyresni","tūkst.","217.5"
"2014","Neaktyvūs gyventojai","Vilniaus apskritis","Miestas ir kaimas","Vyrai ir moterys","15 metų ir vyresni","tūkst.","267.7"
"2015","Neaktyvūs gyventojai","Vilniaus apskritis","Miestas ir kaimas","Vyrai ir moterys","15 metų ir vyresni","tūkst.","262.5"
"2016","Neaktyvūs gyventojai","Vilniaus apskritis","Miestas ir kaimas","Vyrai ir moterys","15 metų ir vyresni","tūkst.","247.6"
"2017","Neaktyvūs gyventojai","Vilniaus apskritis","Miestas ir kaimas","Vyrai ir moterys","15 metų ir vyresni","tūkst.","232.0"
"2018","Neaktyvūs gyventojai","Vilniaus apskritis","Miestas ir kaimas","Vyrai ir moterys","15 metų ir vyresni","tūkst.","217.5"
"2014","Neaktyvūs gyventojai","Vidurio ir vakarų Lietuvos regionas","Miestas ir kaimas","Vyrai ir moterys","15 metų ir vyresni","tūkst.","761.8"
"2015","Neaktyvūs gyventojai","Vidurio ir vakarų Lietuvos regionas","Miestas ir kaimas","Vyrai ir moterys","15 metų ir vyresni","tūkst.","751.6"
"2016","Neaktyvūs gyventojai","Vidurio ir vakarų Lietuvos regionas","Miestas ir kaimas","Vyrai ir moterys","15 metų ir vyresni","tūkst.","723.9"
"2017","Neaktyvūs gyventojai","Vidurio ir vakarų Lietuvos regionas","Miestas ir kaimas","Vyrai ir moterys","15 metų ir vyresni","tūkst.","715.8"
"2018","Neaktyvūs gyventojai","Vidurio ir vakarų Lietuvos regionas","Miestas ir kaimas","Vyrai ir moterys","15 metų ir vyresni","tūkst.","697.6"
"2014","Neaktyvūs gyventojai","Alytaus apskritis","Miestas ir kaimas","Vyrai ir moterys","15 metų ir vyresni","tūkst.","56.3"
"2015","Neaktyvūs gyventojai","Alytaus apskritis","Miestas ir kaimas","Vyrai ir moterys","15 metų ir vyresni","tūkst.","52.6"
"2016","Neaktyvūs gyventojai","Alytaus apskritis","Miestas ir kaimas","Vyrai ir moterys","15 metų ir vyresni","tūkst.","51.2"
"2017","Neaktyvūs gyventojai","Alytaus apskritis","Miestas ir kaimas","Vyrai ir moterys","15 metų ir vyresni","tūkst.","51.0"
"2018","Neaktyvūs gyventojai","Alytaus apskritis","Miestas ir kaimas","Vyrai ir moterys","15 metų ir vyresni","tūkst.","52.4"
"2014","Neaktyvūs gyventojai","Kauno apskritis","Miestas ir kaimas","Vyrai ir moterys","15 metų ir vyresni","tūkst.","205.3"
"2015","Neaktyvūs gyventojai","Kauno apskritis","Miestas ir kaimas","Vyrai ir moterys","15 metų ir vyresni","tūkst.","205.9"
"2016","Neaktyvūs gyventojai","Kauno apskritis","Miestas ir kaimas","Vyrai ir moterys","15 metų ir vyresni","tūkst.","193.6"
"2017","Neaktyvūs gyventojai","Kauno apskritis","Miestas ir kaimas","Vyrai ir moterys","15 metų ir vyresni","tūkst.","196.3"
"2018","Neaktyvūs gyventojai","Kauno apskritis","Miestas ir kaimas","Vyrai ir moterys","15 metų ir vyresni","tūkst.","177.0"
"2014","Neaktyvūs gyventojai","Klaipėdos apskritis","Miestas ir kaimas","Vyrai ir moterys","15 metų ir vyresni","tūkst.","108.9"
"2015","Neaktyvūs gyventojai","Klaipėdos apskritis","Miestas ir kaimas","Vyrai ir moterys","15 metų ir vyresni","tūkst.","104.6"
"2016","Neaktyvūs gyventojai","Klaipėdos apskritis","Miestas ir kaimas","Vyrai ir moterys","15 metų ir vyresni","tūkst.","110.7"
"2017","Neaktyvūs gyventojai","Klaipėdos apskritis","Miestas ir kaimas","Vyrai ir moterys","15 metų ir vyresni","tūkst.","108.7"
"2018","Neaktyvūs gyventojai","Klaipėdos apskritis","Miestas ir kaimas","Vyrai ir moterys","15 metų ir vyresni","tūkst.","112.3"
"2014","Neaktyvūs gyventojai","Marijampolės apskritis","Miestas ir kaimas","Vyrai ir moterys","15 metų ir vyresni","tūkst.","57.6"
"2015","Neaktyvūs gyventojai","Marijampolės apskritis","Miestas ir kaimas","Vyrai ir moterys","15 metų ir vyresni","tūkst.","56.4"
"2016","Neaktyvūs gyventojai","Marijampolės apskritis","Miestas ir kaimas","Vyrai ir moterys","15 metų ir vyresni","tūkst.","58.3"
"2017","Neaktyvūs gyventojai","Marijampolės apskritis","Miestas ir kaimas","Vyrai ir moterys","15 metų ir vyresni","tūkst.","53.3"
"2018","Neaktyvūs gyventojai","Marijampolės apskritis","Miestas ir kaimas","Vyrai ir moterys","15 metų ir vyresni","tūkst.","52.7"
"2014","Neaktyvūs gyventojai","Panevėžio apskritis","Miestas ir kaimas","Vyrai ir moterys","15 metų ir vyresni","tūkst.","88.7"
"2015","Neaktyvūs gyventojai","Panevėžio apskritis","Miestas ir kaimas","Vyrai ir moterys","15 metų ir vyresni","tūkst.","86.2"
"2016","Neaktyvūs gyventojai","Panevėžio apskritis","Miestas ir kaimas","Vyrai ir moterys","15 metų ir vyresni","tūkst.","80.2"
"2017","Neaktyvūs gyventojai","Panevėžio apskritis","Miestas ir kaimas","Vyrai ir moterys","15 metų ir vyresni","tūkst.","82.3"
"2018","Neaktyvūs gyventojai","Panevėžio apskritis","Miestas ir kaimas","Vyrai ir moterys","15 metų ir vyresni","tūkst.","86.1"
"2014","Neaktyvūs gyventojai","Šiaulių apskritis","Miestas ir kaimas","Vyrai ir moterys","15 metų ir vyresni","tūkst.","101.1"
"2015","Neaktyvūs gyventojai","Šiaulių apskritis","Miestas ir kaimas","Vyrai ir moterys","15 metų ir vyresni","tūkst.","106.7"
"2016","Neaktyvūs gyventojai","Šiaulių apskritis","Miestas ir kaimas","Vyrai ir moterys","15 metų ir vyresni","tūkst.","97.5"
"2017","Neaktyvūs gyventojai","Šiaulių apskritis","Miestas ir kaimas","Vyrai ir moterys","15 metų ir vyresni","tūkst.","95.9"
"2018","Neaktyvūs gyventojai","Šiaulių apskritis","Miestas ir kaimas","Vyrai ir moterys","15 metų ir vyresni","tūkst.","95.8"
"2014","Neaktyvūs gyventojai","Tauragės apskritis","Miestas ir kaimas","Vyrai ir moterys","15 metų ir vyresni","tūkst.","39.8"
"2015","Neaktyvūs gyventojai","Tauragės apskritis","Miestas ir kaimas","Vyrai ir moterys","15 metų ir vyresni","tūkst.","38.8"
"2016","Neaktyvūs gyventojai","Tauragės apskritis","Miestas ir kaimas","Vyrai ir moterys","15 metų ir vyresni","tūkst.","36.1"
"2017","Neaktyvūs gyventojai","Tauragės apskritis","Miestas ir kaimas","Vyrai ir moterys","15 metų ir vyresni","tūkst.","34.9"
"2018","Neaktyvūs gyventojai","Tauragės apskritis","Miestas ir kaimas","Vyrai ir moterys","15 metų ir vyresni","tūkst.","34.1"
"2014","Neaktyvūs gyventojai","Telšių apskritis","Miestas ir kaimas","Vyrai ir moterys","15 metų ir vyresni","tūkst.","50.7"
"2015","Neaktyvūs gyventojai","Telšių apskritis","Miestas ir kaimas","Vyrai ir moterys","15 metų ir vyresni","tūkst.","46.7"
"2016","Neaktyvūs gyventojai","Telšių apskritis","Miestas ir kaimas","Vyrai ir moterys","15 metų ir vyresni","tūkst.","46.2"
"2017","Neaktyvūs gyventojai","Telšių apskritis","Miestas ir kaimas","Vyrai ir moterys","15 metų ir vyresni","tūkst.","42.4"
"2018","Neaktyvūs gyventojai","Telšių apskritis","Miestas ir kaimas","Vyrai ir moterys","15 metų ir vyresni","tūkst.","40.6"
"2014","Neaktyvūs gyventojai","Utenos apskritis","Miestas ir kaimas","Vyrai ir moterys","15 metų ir vyresni","tūkst.","53.4"
"2015","Neaktyvūs gyventojai","Utenos apskritis","Miestas ir kaimas","Vyrai ir moterys","15 metų ir vyresni","tūkst.","53.8"
"2016","Neaktyvūs gyventojai","Utenos apskritis","Miestas ir kaimas","Vyrai ir moterys","15 metų ir vyresni","tūkst.","50.1"
"2017","Neaktyvūs gyventojai","Utenos apskritis","Miestas ir kaimas","Vyrai ir moterys","15 metų ir vyresni","tūkst.","50.9"
"2018","Neaktyvūs gyventojai","Utenos apskritis","Miestas ir kaimas","Vyrai ir moterys","15 metų ir vyresni","tūkst.","46.6"
"2014","Neaktyvūs gyventojai","Lietuvos Respublika","Miestas ir kaimas","Vyrai","15 metų ir vyresni","tūkst.","395.9"
"2015","Neaktyvūs gyventojai","Lietuvos Respublika","Miestas ir kaimas","Vyrai","15 metų ir vyresni","tūkst.","393.8"
"2016","Neaktyvūs gyventojai","Lietuvos Respublika","Miestas ir kaimas","Vyrai","15 metų ir vyresni","tūkst.","375.3"
"2017","Neaktyvūs gyventojai","Lietuvos Respublika","Miestas ir kaimas","Vyrai","15 metų ir vyresni","tūkst.","365.1"
"2018","Neaktyvūs gyventojai","Lietuvos Respublika","Miestas ir kaimas","Vyrai","15 metų ir vyresni","tūkst.","349.5"
"2014","Neaktyvūs gyventojai","Sostinės regionas","Miestas ir kaimas","Vyrai","15 metų ir vyresni","tūkst.","105.0"
"2015","Neaktyvūs gyventojai","Sostinės regionas","Miestas ir kaimas","Vyrai","15 metų ir vyresni","tūkst.","104.7"
"2016","Neaktyvūs gyventojai","Sostinės regionas","Miestas ir kaimas","Vyrai","15 metų ir vyresni","tūkst.","93.9"
"2017","Neaktyvūs gyventojai","Sostinės regionas","Miestas ir kaimas","Vyrai","15 metų ir vyresni","tūkst.","89.1"
"2018","Neaktyvūs gyventojai","Sostinės regionas","Miestas ir kaimas","Vyrai","15 metų ir vyresni","tūkst.","82.6"
"2014","Neaktyvūs gyventojai","Vilniaus apskritis","Miestas ir kaimas","Vyrai","15 metų ir vyresni","tūkst.","105.0"
"2015","Neaktyvūs gyventojai","Vilniaus apskritis","Miestas ir kaimas","Vyrai","15 metų ir vyresni","tūkst.","104.7"
"2016","Neaktyvūs gyventojai","Vilniaus apskritis","Miestas ir kaimas","Vyrai","15 metų ir vyresni","tūkst.","93.9"
"2017","Neaktyvūs gyventojai","Vilniaus apskritis","Miestas ir kaimas","Vyrai","15 metų ir vyresni","tūkst.","89.1"
"2018","Neaktyvūs gyventojai","Vilniaus apskritis","Miestas ir kaimas","Vyrai","15 metų ir vyresni","tūkst.","82.6"
"2014","Neaktyvūs gyventojai","Vidurio ir vakarų Lietuvos regionas","Miestas ir kaimas","Vyrai","15 metų ir vyresni","tūkst.","290.9"
"2015","Neaktyvūs gyventojai","Vidurio ir vakarų Lietuvos regionas","Miestas ir kaimas","Vyrai","15 metų ir vyresni","tūkst.","289.1"
"2016","Neaktyvūs gyventojai","Vidurio ir vakarų Lietuvos regionas","Miestas ir kaimas","Vyrai","15 metų ir vyresni","tūkst.","281.4"
"2017","Neaktyvūs gyventojai","Vidurio ir vakarų Lietuvos regionas","Miestas ir kaimas","Vyrai","15 metų ir vyresni","tūkst.","276.0"
"2018","Neaktyvūs gyventojai","Vidurio ir vakarų Lietuvos regionas","Miestas ir kaimas","Vyrai","15 metų ir vyresni","tūkst.","266.9"
"2014","Neaktyvūs gyventojai","Alytaus apskritis","Miestas ir kaimas","Vyrai","15 metų ir vyresni","tūkst.","22.7"
"2015","Neaktyvūs gyventojai","Alytaus apskritis","Miestas ir kaimas","Vyrai","15 metų ir vyresni","tūkst.","20.3"
"2016","Neaktyvūs gyventojai","Alytaus apskritis","Miestas ir kaimas","Vyrai","15 metų ir vyresni","tūkst.","19.0"
"2017","Neaktyvūs gyventojai","Alytaus apskritis","Miestas ir kaimas","Vyrai","15 metų ir vyresni","tūkst.","21.0"
"2018","Neaktyvūs gyventojai","Alytaus apskritis","Miestas ir kaimas","Vyrai","15 metų ir vyresni","tūkst.","21.8"
"2014","Neaktyvūs gyventojai","Kauno apskritis","Miestas ir kaimas","Vyrai","15 metų ir vyresni","tūkst.","75.1"
"2015","Neaktyvūs gyventojai","Kauno apskritis","Miestas ir kaimas","Vyrai","15 metų ir vyresni","tūkst.","75.8"
"2016","Neaktyvūs gyventojai","Kauno apskritis","Miestas ir kaimas","Vyrai","15 metų ir vyresni","tūkst.","74.0"
"2017","Neaktyvūs gyventojai","Kauno apskritis","Miestas ir kaimas","Vyrai","15 metų ir vyresni","tūkst.","75.0"
"2018","Neaktyvūs gyventojai","Kauno apskritis","Miestas ir kaimas","Vyrai","15 metų ir vyresni","tūkst.","66.7"
"2014","Neaktyvūs gyventojai","Klaipėdos apskritis","Miestas ir kaimas","Vyrai","15 metų ir vyresni","tūkst.","39.6"
"2015","Neaktyvūs gyventojai","Klaipėdos apskritis","Miestas ir kaimas","Vyrai","15 metų ir vyresni","tūkst.","38.3"
"2016","Neaktyvūs gyventojai","Klaipėdos apskritis","Miestas ir kaimas","Vyrai","15 metų ir vyresni","tūkst.","43.0"
"2017","Neaktyvūs gyventojai","Klaipėdos apskritis","Miestas ir kaimas","Vyrai","15 metų ir vyresni","tūkst.","41.3"
"2018","Neaktyvūs gyventojai","Klaipėdos apskritis","Miestas ir kaimas","Vyrai","15 metų ir vyresni","tūkst.","42.8"
"2014","Neaktyvūs gyventojai","Marijampolės apskritis","Miestas ir kaimas","Vyrai","15 metų ir vyresni","tūkst.","25.6"
"2015","Neaktyvūs gyventojai","Marijampolės apskritis","Miestas ir kaimas","Vyrai","15 metų ir vyresni","tūkst.","23.5"
"2016","Neaktyvūs gyventojai","Marijampolės apskritis","Miestas ir kaimas","Vyrai","15 metų ir vyresni","tūkst.","24.8"
"2017","Neaktyvūs gyventojai","Marijampolės apskritis","Miestas ir kaimas","Vyrai","15 metų ir vyresni","tūkst.","21.1"
"2018","Neaktyvūs gyventojai","Marijampolės apskritis","Miestas ir kaimas","Vyrai","15 metų ir vyresni","tūkst.","19.9"
"2014","Neaktyvūs gyventojai","Panevėžio apskritis","Miestas ir kaimas","Vyrai","15 metų ir vyresni","tūkst.","33.7"
"2015","Neaktyvūs gyventojai","Panevėžio apskritis","Miestas ir kaimas","Vyrai","15 metų ir vyresni","tūkst.","34.7"
"2016","Neaktyvūs gyventojai","Panevėžio apskritis","Miestas ir kaimas","Vyrai","15 metų ir vyresni","tūkst.","29.9"
"2017","Neaktyvūs gyventojai","Panevėžio apskritis","Miestas ir kaimas","Vyrai","15 metų ir vyresni","tūkst.","29.9"
"2018","Neaktyvūs gyventojai","Panevėžio apskritis","Miestas ir kaimas","Vyrai","15 metų ir vyresni","tūkst.","33.8"
"2014","Neaktyvūs gyventojai","Šiaulių apskritis","Miestas ir kaimas","Vyrai","15 metų ir vyresni","tūkst.","38.8"
"2015","Neaktyvūs gyventojai","Šiaulių apskritis","Miestas ir kaimas","Vyrai","15 metų ir vyresni","tūkst.","41.2"
"2016","Neaktyvūs gyventojai","Šiaulių apskritis","Miestas ir kaimas","Vyrai","15 metų ir vyresni","tūkst.","40.2"
"2017","Neaktyvūs gyventojai","Šiaulių apskritis","Miestas ir kaimas","Vyrai","15 metų ir vyresni","tūkst.","35.6"
"2018","Neaktyvūs gyventojai","Šiaulių apskritis","Miestas ir kaimas","Vyrai","15 metų ir vyresni","tūkst.","34.2"
"2014","Neaktyvūs gyventojai","Tauragės apskritis","Miestas ir kaimas","Vyrai","15 metų ir vyresni","tūkst.","14.5"
"2015","Neaktyvūs gyventojai","Tauragės apskritis","Miestas ir kaimas","Vyrai","15 metų ir vyresni","tūkst.","14.3"
"2016","Neaktyvūs gyventojai","Tauragės apskritis","Miestas ir kaimas","Vyrai","15 metų ir vyresni","tūkst.","13.7"
"2017","Neaktyvūs gyventojai","Tauragės apskritis","Miestas ir kaimas","Vyrai","15 metų ir vyresni","tūkst.","14.4"
"2018","Neaktyvūs gyventojai","Tauragės apskritis","Miestas ir kaimas","Vyrai","15 metų ir vyresni","tūkst.","12.5"
"2014","Neaktyvūs gyventojai","Telšių apskritis","Miestas ir kaimas","Vyrai","15 metų ir vyresni","tūkst.","18.2"
"2015","Neaktyvūs gyventojai","Telšių apskritis","Miestas ir kaimas","Vyrai","15 metų ir vyresni","tūkst.","17.4"
"2016","Neaktyvūs gyventojai","Telšių apskritis","Miestas ir kaimas","Vyrai","15 metų ir vyresni","tūkst.","16.3"
"2017","Neaktyvūs gyventojai","Telšių apskritis","Miestas ir kaimas","Vyrai","15 metų ir vyresni","tūkst.","17.1"
"2018","Neaktyvūs gyventojai","Telšių apskritis","Miestas ir kaimas","Vyrai","15 metų ir vyresni","tūkst.","16.5"
"2014","Neaktyvūs gyventojai","Utenos apskritis","Miestas ir kaimas","Vyrai","15 metų ir vyresni","tūkst.","22.7"
"2015","Neaktyvūs gyventojai","Utenos apskritis","Miestas ir kaimas","Vyrai","15 metų ir vyresni","tūkst.","23.5"
"2016","Neaktyvūs gyventojai","Utenos apskritis","Miestas ir kaimas","Vyrai","15 metų ir vyresni","tūkst.","20.5"
"2017","Neaktyvūs gyventojai","Utenos apskritis","Miestas ir kaimas","Vyrai","15 metų ir vyresni","tūkst.","20.6"
"2018","Neaktyvūs gyventojai","Utenos apskritis","Miestas ir kaimas","Vyrai","15 metų ir vyresni","tūkst.","18.7"
"2014","Neaktyvūs gyventojai","Lietuvos Respublika","Miestas ir kaimas","Moterys","15 metų ir vyresni","tūkst.","633.6"
"2015","Neaktyvūs gyventojai","Lietuvos Respublika","Miestas ir kaimas","Moterys","15 metų ir vyresni","tūkst.","620.4"
"2016","Neaktyvūs gyventojai","Lietuvos Respublika","Miestas ir kaimas","Moterys","15 metų ir vyresni","tūkst.","596.2"
"2017","Neaktyvūs gyventojai","Lietuvos Respublika","Miestas ir kaimas","Moterys","15 metų ir vyresni","tūkst.","582.7"
"2018","Neaktyvūs gyventojai","Lietuvos Respublika","Miestas ir kaimas","Moterys","15 metų ir vyresni","tūkst.","565.6"
"2014","Neaktyvūs gyventojai","Sostinės regionas","Miestas ir kaimas","Moterys","15 metų ir vyresni","tūkst.","162.7"
"2015","Neaktyvūs gyventojai","Sostinės regionas","Miestas ir kaimas","Moterys","15 metų ir vyresni","tūkst.","157.8"
"2016","Neaktyvūs gyventojai","Sostinės regionas","Miestas ir kaimas","Moterys","15 metų ir vyresni","tūkst.","153.7"
"2017","Neaktyvūs gyventojai","Sostinės regionas","Miestas ir kaimas","Moterys","15 metų ir vyresni","tūkst.","142.9"
"2018","Neaktyvūs gyventojai","Sostinės regionas","Miestas ir kaimas","Moterys","15 metų ir vyresni","tūkst.","134.9"
"2014","Neaktyvūs gyventojai","Vilniaus apskritis","Miestas ir kaimas","Moterys","15 metų ir vyresni","tūkst.","162.7"
"2015","Neaktyvūs gyventojai","Vilniaus apskritis","Miestas ir kaimas","Moterys","15 metų ir vyresni","tūkst.","157.8"
"2016","Neaktyvūs gyventojai","Vilniaus apskritis","Miestas ir kaimas","Moterys","15 metų ir vyresni","tūkst.","153.7"
"2017","Neaktyvūs gyventojai","Vilniaus apskritis","Miestas ir kaimas","Moterys","15 metų ir vyresni","tūkst.","142.9"
"2018","Neaktyvūs gyventojai","Vilniaus apskritis","Miestas ir kaimas","Moterys","15 metų ir vyresni","tūkst.","134.9"
"2014","Neaktyvūs gyventojai","Vidurio ir vakarų Lietuvos regionas","Miestas ir kaimas","Moterys","15 metų ir vyresni","tūkst.","470.9"
"2015","Neaktyvūs gyventojai","Vidurio ir vakarų Lietuvos regionas","Miestas ir kaimas","Moterys","15 metų ir vyresni","tūkst.","462.5"
"2016","Neaktyvūs gyventojai","Vidurio ir vakarų Lietuvos regionas","Miestas ir kaimas","Moterys","15 metų ir vyresni","tūkst.","442.5"
"2017","Neaktyvūs gyventojai","Vidurio ir vakarų Lietuvos regionas","Miestas ir kaimas","Moterys","15 metų ir vyresni","tūkst.","439.9"
"2018","Neaktyvūs gyventojai","Vidurio ir vakarų Lietuvos regionas","Miestas ir kaimas","Moterys","15 metų ir vyresni","tūkst.","430.7"
"2014","Neaktyvūs gyventojai","Alytaus apskritis","Miestas ir kaimas","Moterys","15 metų ir vyresni","tūkst.","33.6"
"2015","Neaktyvūs gyventojai","Alytaus apskritis","Miestas ir kaimas","Moterys","15 metų ir vyresni","tūkst.","32.4"
"2016","Neaktyvūs gyventojai","Alytaus apskritis","Miestas ir kaimas","Moterys","15 metų ir vyresni","tūkst.","32.2"
"2017","Neaktyvūs gyventojai","Alytaus apskritis","Miestas ir kaimas","Moterys","15 metų ir vyresni","tūkst.","30.0"
"2018","Neaktyvūs gyventojai","Alytaus apskritis","Miestas ir kaimas","Moterys","15 metų ir vyresni","tūkst.","30.6"
"2014","Neaktyvūs gyventojai","Kauno apskritis","Miestas ir kaimas","Moterys","15 metų ir vyresni","tūkst.","130.2"
"2015","Neaktyvūs gyventojai","Kauno apskritis","Miestas ir kaimas","Moterys","15 metų ir vyresni","tūkst.","130.1"
"2016","Neaktyvūs gyventojai","Kauno apskritis","Miestas ir kaimas","Moterys","15 metų ir vyresni","tūkst.","119.6"
"2017","Neaktyvūs gyventojai","Kauno apskritis","Miestas ir kaimas","Moterys","15 metų ir vyresni","tūkst.","121.4"
"2018","Neaktyvūs gyventojai","Kauno apskritis","Miestas ir kaimas","Moterys","15 metų ir vyresni","tūkst.","110.3"
"2014","Neaktyvūs gyventojai","Klaipėdos apskritis","Miestas ir kaimas","Moterys","15 metų ir vyresni","tūkst.","69.3"
"2015","Neaktyvūs gyventojai","Klaipėdos apskritis","Miestas ir kaimas","Moterys","15 metų ir vyresni","tūkst.","66.3"
"2016","Neaktyvūs gyventojai","Klaipėdos apskritis","Miestas ir kaimas","Moterys","15 metų ir vyresni","tūkst.","67.8"
"2017","Neaktyvūs gyventojai","Klaipėdos apskritis","Miestas ir kaimas","Moterys","15 metų ir vyresni","tūkst.","67.4"
"2018","Neaktyvūs gyventojai","Klaipėdos apskritis","Miestas ir kaimas","Moterys","15 metų ir vyresni","tūkst.","69.4"
"2014","Neaktyvūs gyventojai","Marijampolės apskritis","Miestas ir kaimas","Moterys","15 metų ir vyresni","tūkst.","32.0"
"2015","Neaktyvūs gyventojai","Marijampolės apskritis","Miestas ir kaimas","Moterys","15 metų ir vyresni","tūkst.","32.9"
"2016","Neaktyvūs gyventojai","Marijampolės apskritis","Miestas ir kaimas","Moterys","15 metų ir vyresni","tūkst.","33.5"
"2017","Neaktyvūs gyventojai","Marijampolės apskritis","Miestas ir kaimas","Moterys","15 metų ir vyresni","tūkst.","32.2"
"2018","Neaktyvūs gyventojai","Marijampolės apskritis","Miestas ir kaimas","Moterys","15 metų ir vyresni","tūkst.","32.8"
"2014","Neaktyvūs gyventojai","Panevėžio apskritis","Miestas ir kaimas","Moterys","15 metų ir vyresni","tūkst.","55.0"
"2015","Neaktyvūs gyventojai","Panevėžio apskritis","Miestas ir kaimas","Moterys","15 metų ir vyresni","tūkst.","51.5"
"2016","Neaktyvūs gyventojai","Panevėžio apskritis","Miestas ir kaimas","Moterys","15 metų ir vyresni","tūkst.","50.3"
"2017","Neaktyvūs gyventojai","Panevėžio apskritis","Miestas ir kaimas","Moterys","15 metų ir vyresni","tūkst.","52.4"
"2018","Neaktyvūs gyventojai","Panevėžio apskritis","Miestas ir kaimas","Moterys","15 metų ir vyresni","tūkst.","52.3"
"2014","Neaktyvūs gyventojai","Šiaulių apskritis","Miestas ir kaimas","Moterys","15 metų ir vyresni","tūkst.","62.3"
"2015","Neaktyvūs gyventojai","Šiaulių apskritis","Miestas ir kaimas","Moterys","15 metų ir vyresni","tūkst.","65.5"
"2016","Neaktyvūs gyventojai","Šiaulių apskritis","Miestas ir kaimas","Moterys","15 metų ir vyresni","tūkst.","57.3"
"2017","Neaktyvūs gyventojai","Šiaulių apskritis","Miestas ir kaimas","Moterys","15 metų ir vyresni","tūkst.","60.3"
"2018","Neaktyvūs gyventojai","Šiaulių apskritis","Miestas ir kaimas","Moterys","15 metų ir vyresni","tūkst.","61.7"
"2014","Neaktyvūs gyventojai","Tauragės apskritis","Miestas ir kaimas","Moterys","15 metų ir vyresni","tūkst.","25.3"
"2015","Neaktyvūs gyventojai","Tauragės apskritis","Miestas ir kaimas","Moterys","15 metų ir vyresni","tūkst.","24.5"
"2016","Neaktyvūs gyventojai","Tauragės apskritis","Miestas ir kaimas","Moterys","15 metų ir vyresni","tūkst.","22.4"
"2017","Neaktyvūs gyventojai","Tauragės apskritis","Miestas ir kaimas","Moterys","15 metų ir vyresni","tūkst.","20.5"
"2018","Neaktyvūs gyventojai","Tauragės apskritis","Miestas ir kaimas","Moterys","15 metų ir vyresni","tūkst.","21.6"
"2014","Neaktyvūs gyventojai","Telšių apskritis","Miestas ir kaimas","Moterys","15 metų ir vyresni","tūkst.","32.5"
"2015","Neaktyvūs gyventojai","Telšių apskritis","Miestas ir kaimas","Moterys","15 metų ir vyresni","tūkst.","29.2"
"2016","Neaktyvūs gyventojai","Telšių apskritis","Miestas ir kaimas","Moterys","15 metų ir vyresni","tūkst.","29.9"
"2017","Neaktyvūs gyventojai","Telšių apskritis","Miestas ir kaimas","Moterys","15 metų ir vyresni","tūkst.","25.3"
"2018","Neaktyvūs gyventojai","Telšių apskritis","Miestas ir kaimas","Moterys","15 metų ir vyresni","tūkst.","24.2"
"2014","Neaktyvūs gyventojai","Utenos apskritis","Miestas ir kaimas","Moterys","15 metų ir vyresni","tūkst.","30.7"
"2015","Neaktyvūs gyventojai","Utenos apskritis","Miestas ir kaimas","Moterys","15 metų ir vyresni","tūkst.","30.3"
"2016","Neaktyvūs gyventojai","Utenos apskritis","Miestas ir kaimas","Moterys","15 metų ir vyresni","tūkst.","29.5"
"2017","Neaktyvūs gyventojai","Utenos apskritis","Miestas ir kaimas","Moterys","15 metų ir vyresni","tūkst.","30.3"
"2018","Neaktyvūs gyventojai","Utenos apskritis","Miestas ir kaimas","Moterys","15 metų ir vyresni","tūkst.","27.9"
"2014","Neaktyvūs gyventojai","Lietuvos Respublika","Miestas","Vyrai ir moterys","15 metų ir vyresni","tūkst.","651.6"
"2015","Neaktyvūs gyventojai","Lietuvos Respublika","Miestas","Vyrai ir moterys","15 metų ir vyresni","tūkst.","646.7"
"2016","Neaktyvūs gyventojai","Lietuvos Respublika","Miestas","Vyrai ir moterys","15 metų ir vyresni","tūkst.","613.8"
"2017","Neaktyvūs gyventojai","Lietuvos Respublika","Miestas","Vyrai ir moterys","15 metų ir vyresni","tūkst.","595.9"
"2018","Neaktyvūs gyventojai","Lietuvos Respublika","Miestas","Vyrai ir moterys","15 metų ir vyresni","tūkst.","575.0"
"2014","Neaktyvūs gyventojai","Sostinės regionas","Miestas","Vyrai ir moterys","15 metų ir vyresni","tūkst.","207.6"
"2015","Neaktyvūs gyventojai","Sostinės regionas","Miestas","Vyrai ir moterys","15 metų ir vyresni","tūkst.","197.4"
"2016","Neaktyvūs gyventojai","Sostinės regionas","Miestas","Vyrai ir moterys","15 metų ir vyresni","tūkst.","187.1"
"2017","Neaktyvūs gyventojai","Sostinės regionas","Miestas","Vyrai ir moterys","15 metų ir vyresni","tūkst.","176.8"
"2018","Neaktyvūs gyventojai","Sostinės regionas","Miestas","Vyrai ir moterys","15 metų ir vyresni","tūkst.","168.9"
"2014","Neaktyvūs gyventojai","Vilniaus apskritis","Miestas","Vyrai ir moterys","15 metų ir vyresni","tūkst.","207.6"
"2015","Neaktyvūs gyventojai","Vilniaus apskritis","Miestas","Vyrai ir moterys","15 metų ir vyresni","tūkst.","197.4"
"2016","Neaktyvūs gyventojai","Vilniaus apskritis","Miestas","Vyrai ir moterys","15 metų ir vyresni","tūkst.","187.1"
"2017","Neaktyvūs gyventojai","Vilniaus apskritis","Miestas","Vyrai ir moterys","15 metų ir vyresni","tūkst.","176.8"
"2018","Neaktyvūs gyventojai","Vilniaus apskritis","Miestas","Vyrai ir moterys","15 metų ir vyresni","tūkst.","168.9"
"2014","Neaktyvūs gyventojai","Vidurio ir vakarų Lietuvos regionas","Miestas","Vyrai ir moterys","15 metų ir vyresni","tūkst.","444.0"
"2015","Neaktyvūs gyventojai","Vidurio ir vakarų Lietuvos regionas","Miestas","Vyrai ir moterys","15 metų ir vyresni","tūkst.","449.3"
"2016","Neaktyvūs gyventojai","Vidurio ir vakarų Lietuvos regionas","Miestas","Vyrai ir moterys","15 metų ir vyresni","tūkst.","426.8"
"2017","Neaktyvūs gyventojai","Vidurio ir vakarų Lietuvos regionas","Miestas","Vyrai ir moterys","15 metų ir vyresni","tūkst.","419.1"
"2018","Neaktyvūs gyventojai","Vidurio ir vakarų Lietuvos regionas","Miestas","Vyrai ir moterys","15 metų ir vyresni","tūkst.","406.1"
"2014","Neaktyvūs gyventojai","Alytaus apskritis","Miestas","Vyrai ir moterys","15 metų ir vyresni","tūkst.","31.3"
"2015","Neaktyvūs gyventojai","Alytaus apskritis","Miestas","Vyrai ir moterys","15 metų ir vyresni","tūkst.","29.6"
"2016","Neaktyvūs gyventojai","Alytaus apskritis","Miestas","Vyrai ir moterys","15 metų ir vyresni","tūkst.","28.8"
"2017","Neaktyvūs gyventojai","Alytaus apskritis","Miestas","Vyrai ir moterys","15 metų ir vyresni","tūkst.","28.7"
"2018","Neaktyvūs gyventojai","Alytaus apskritis","Miestas","Vyrai ir moterys","15 metų ir vyresni","tūkst.","30.6"
"2014","Neaktyvūs gyventojai","Kauno apskritis","Miestas","Vyrai ir moterys","15 metų ir vyresni","tūkst.","141.1"
"2015","Neaktyvūs gyventojai","Kauno apskritis","Miestas","Vyrai ir moterys","15 metų ir vyresni","tūkst.","143.8"
"2016","Neaktyvūs gyventojai","Kauno apskritis","Miestas","Vyrai ir moterys","15 metų ir vyresni","tūkst.","134.1"
"2017","Neaktyvūs gyventojai","Kauno apskritis","Miestas","Vyrai ir moterys","15 metų ir vyresni","tūkst.","132.3"
"2018","Neaktyvūs gyventojai","Kauno apskritis","Miestas","Vyrai ir moterys","15 metų ir vyresni","tūkst.","121.7"
"2014","Neaktyvūs gyventojai","Klaipėdos apskritis","Miestas","Vyrai ir moterys","15 metų ir vyresni","tūkst.","71.9"
"2015","Neaktyvūs gyventojai","Klaipėdos apskritis","Miestas","Vyrai ir moterys","15 metų ir vyresni","tūkst.","70.6"
"2016","Neaktyvūs gyventojai","Klaipėdos apskritis","Miestas","Vyrai ir moterys","15 metų ir vyresni","tūkst.","74.2"
"2017","Neaktyvūs gyventojai","Klaipėdos apskritis","Miestas","Vyrai ir moterys","15 metų ir vyresni","tūkst.","74.4"
"2018","Neaktyvūs gyventojai","Klaipėdos apskritis","Miestas","Vyrai ir moterys","15 metų ir vyresni","tūkst.","73.6"
"2014","Neaktyvūs gyventojai","Marijampolės apskritis","Miestas","Vyrai ir moterys","15 metų ir vyresni","tūkst.","21.3"
"2015","Neaktyvūs gyventojai","Marijampolės apskritis","Miestas","Vyrai ir moterys","15 metų ir vyresni","tūkst.","24.2"
"2016","Neaktyvūs gyventojai","Marijampolės apskritis","Miestas","Vyrai ir moterys","15 metų ir vyresni","tūkst.","28.1"
"2017","Neaktyvūs gyventojai","Marijampolės apskritis","Miestas","Vyrai ir moterys","15 metų ir vyresni","tūkst.","23.7"
"2018","Neaktyvūs gyventojai","Marijampolės apskritis","Miestas","Vyrai ir moterys","15 metų ir vyresni","tūkst.","21.2"
"2014","Neaktyvūs gyventojai","Panevėžio apskritis","Miestas","Vyrai ir moterys","15 metų ir vyresni","tūkst.","49.5"
"2015","Neaktyvūs gyventojai","Panevėžio apskritis","Miestas","Vyrai ir moterys","15 metų ir vyresni","tūkst.","48.7"
"2016","Neaktyvūs gyventojai","Panevėžio apskritis","Miestas","Vyrai ir moterys","15 metų ir vyresni","tūkst.","43.8"
"2017","Neaktyvūs gyventojai","Panevėžio apskritis","Miestas","Vyrai ir moterys","15 metų ir vyresni","tūkst.","44.6"
"2018","Neaktyvūs gyventojai","Panevėžio apskritis","Miestas","Vyrai ir moterys","15 metų ir vyresni","tūkst.","48.6"
"2014","Neaktyvūs gyventojai","Šiaulių apskritis","Miestas","Vyrai ir moterys","15 metų ir vyresni","tūkst.","59.2"
"2015","Neaktyvūs gyventojai","Šiaulių apskritis","Miestas","Vyrai ir moterys","15 metų ir vyresni","tūkst.","67.0"
"2016","Neaktyvūs gyventojai","Šiaulių apskritis","Miestas","Vyrai ir moterys","15 metų ir vyresni","tūkst.","55.9"
"2017","Neaktyvūs gyventojai","Šiaulių apskritis","Miestas","Vyrai ir moterys","15 metų ir vyresni","tūkst.","54.6"
"2018","Neaktyvūs gyventojai","Šiaulių apskritis","Miestas","Vyrai ir moterys","15 metų ir vyresni","tūkst.","53.2"
"2014","Neaktyvūs gyventojai","Tauragės apskritis","Miestas","Vyrai ir moterys","15 metų ir vyresni","tūkst.","12.4"
"2015","Neaktyvūs gyventojai","Tauragės apskritis","Miestas","Vyrai ir moterys","15 metų ir vyresni","tūkst.","13.9"
"2016","Neaktyvūs gyventojai","Tauragės apskritis","Miestas","Vyrai ir moterys","15 metų ir vyresni","tūkst.","13.7"
"2017","Neaktyvūs gyventojai","Tauragės apskritis","Miestas","Vyrai ir moterys","15 metų ir vyresni","tūkst.","12.1"
"2018","Neaktyvūs gyventojai","Tauragės apskritis","Miestas","Vyrai ir moterys","15 metų ir vyresni","tūkst.","11.7"
"2014","Neaktyvūs gyventojai","Telšių apskritis","Miestas","Vyrai ir moterys","15 metų ir vyresni","tūkst.","32.4"
"2015","Neaktyvūs gyventojai","Telšių apskritis","Miestas","Vyrai ir moterys","15 metų ir vyresni","tūkst.","26.5"
"2016","Neaktyvūs gyventojai","Telšių apskritis","Miestas","Vyrai ir moterys","15 metų ir vyresni","tūkst.","24.8"
"2017","Neaktyvūs gyventojai","Telšių apskritis","Miestas","Vyrai ir moterys","15 metų ir vyresni","tūkst.","25.9"
"2018","Neaktyvūs gyventojai","Telšių apskritis","Miestas","Vyrai ir moterys","15 metų ir vyresni","tūkst.","23.2"
"2014","Neaktyvūs gyventojai","Utenos apskritis","Miestas","Vyrai ir moterys","15 metų ir vyresni","tūkst.","24.8"
"2015","Neaktyvūs gyventojai","Utenos apskritis","Miestas","Vyrai ir moterys","15 metų ir vyresni","tūkst.","24.9"
"2016","Neaktyvūs gyventojai","Utenos apskritis","Miestas","Vyrai ir moterys","15 metų ir vyresni","tūkst.","23.5"
"2017","Neaktyvūs gyventojai","Utenos apskritis","Miestas","Vyrai ir moterys","15 metų ir vyresni","tūkst.","22.8"
"2018","Neaktyvūs gyventojai","Utenos apskritis","Miestas","Vyrai ir moterys","15 metų ir vyresni","tūkst.","22.3"
"2014","Neaktyvūs gyventojai","Lietuvos Respublika","Miestas","Vyrai","15 metų ir vyresni","tūkst.","244.7"
"2015","Neaktyvūs gyventojai","Lietuvos Respublika","Miestas","Vyrai","15 metų ir vyresni","tūkst.","243.2"
"2016","Neaktyvūs gyventojai","Lietuvos Respublika","Miestas","Vyrai","15 metų ir vyresni","tūkst.","229.6"
"2017","Neaktyvūs gyventojai","Lietuvos Respublika","Miestas","Vyrai","15 metų ir vyresni","tūkst.","222.1"
"2018","Neaktyvūs gyventojai","Lietuvos Respublika","Miestas","Vyrai","15 metų ir vyresni","tūkst.","212.7"
"2014","Neaktyvūs gyventojai","Sostinės regionas","Miestas","Vyrai","15 metų ir vyresni","tūkst.","79.7"
"2015","Neaktyvūs gyventojai","Sostinės regionas","Miestas","Vyrai","15 metų ir vyresni","tūkst.","76.5"
"2016","Neaktyvūs gyventojai","Sostinės regionas","Miestas","Vyrai","15 metų ir vyresni","tūkst.","69.1"
"2017","Neaktyvūs gyventojai","Sostinės regionas","Miestas","Vyrai","15 metų ir vyresni","tūkst.","66.0"
"2018","Neaktyvūs gyventojai","Sostinės regionas","Miestas","Vyrai","15 metų ir vyresni","tūkst.","62.6"
"2014","Neaktyvūs gyventojai","Vilniaus apskritis","Miestas","Vyrai","15 metų ir vyresni","tūkst.","79.7"
"2015","Neaktyvūs gyventojai","Vilniaus apskritis","Miestas","Vyrai","15 metų ir vyresni","tūkst.","76.5"
"2016","Neaktyvūs gyventojai","Vilniaus apskritis","Miestas","Vyrai","15 metų ir vyresni","tūkst.","69.1"
"2017","Neaktyvūs gyventojai","Vilniaus apskritis","Miestas","Vyrai","15 metų ir vyresni","tūkst.","66.0"
"2018","Neaktyvūs gyventojai","Vilniaus apskritis","Miestas","Vyrai","15 metų ir vyresni","tūkst.","62.6"
"2014","Neaktyvūs gyventojai","Vidurio ir vakarų Lietuvos regionas","Miestas","Vyrai","15 metų ir vyresni","tūkst.","165.0"
"2015","Neaktyvūs gyventojai","Vidurio ir vakarų Lietuvos regionas","Miestas","Vyrai","15 metų ir vyresni","tūkst.","166.7"
"2016","Neaktyvūs gyventojai","Vidurio ir vakarų Lietuvos regionas","Miestas","Vyrai","15 metų ir vyresni","tūkst.","160.5"
"2017","Neaktyvūs gyventojai","Vidurio ir vakarų Lietuvos regionas","Miestas","Vyrai","15 metų ir vyresni","tūkst.","156.0"
"2018","Neaktyvūs gyventojai","Vidurio ir vakarų Lietuvos regionas","Miestas","Vyrai","15 metų ir vyresni","tūkst.","150.0"
"2014","Neaktyvūs gyventojai","Alytaus apskritis","Miestas","Vyrai","15 metų ir vyresni","tūkst.","12.4"
"2015","Neaktyvūs gyventojai","Alytaus apskritis","Miestas","Vyrai","15 metų ir vyresni","tūkst.","11.4"
"2016","Neaktyvūs gyventojai","Alytaus apskritis","Miestas","Vyrai","15 metų ir vyresni","tūkst.","9.9"
"2017","Neaktyvūs gyventojai","Alytaus apskritis","Miestas","Vyrai","15 metų ir vyresni","tūkst.","10.9"
"2018","Neaktyvūs gyventojai","Alytaus apskritis","Miestas","Vyrai","15 metų ir vyresni","tūkst.","12.3"
"2014","Neaktyvūs gyventojai","Kauno apskritis","Miestas","Vyrai","15 metų ir vyresni","tūkst.","49.8"
"2015","Neaktyvūs gyventojai","Kauno apskritis","Miestas","Vyrai","15 metų ir vyresni","tūkst.","51.5"
"2016","Neaktyvūs gyventojai","Kauno apskritis","Miestas","Vyrai","15 metų ir vyresni","tūkst.","50.4"
"2017","Neaktyvūs gyventojai","Kauno apskritis","Miestas","Vyrai","15 metų ir vyresni","tūkst.","48.8"
"2018","Neaktyvūs gyventojai","Kauno apskritis","Miestas","Vyrai","15 metų ir vyresni","tūkst.","44.5"
"2014","Neaktyvūs gyventojai","Klaipėdos apskritis","Miestas","Vyrai","15 metų ir vyresni","tūkst.","26.7"
"2015","Neaktyvūs gyventojai","Klaipėdos apskritis","Miestas","Vyrai","15 metų ir vyresni","tūkst.","26.7"
"2016","Neaktyvūs gyventojai","Klaipėdos apskritis","Miestas","Vyrai","15 metų ir vyresni","tūkst.","28.7"
"2017","Neaktyvūs gyventojai","Klaipėdos apskritis","Miestas","Vyrai","15 metų ir vyresni","tūkst.","27.6"
"2018","Neaktyvūs gyventojai","Klaipėdos apskritis","Miestas","Vyrai","15 metų ir vyresni","tūkst.","27.6"
"2014","Neaktyvūs gyventojai","Marijampolės apskritis","Miestas","Vyrai","15 metų ir vyresni","tūkst.","9.2"
"2015","Neaktyvūs gyventojai","Marijampolės apskritis","Miestas","Vyrai","15 metų ir vyresni","tūkst.","10.7"
"2016","Neaktyvūs gyventojai","Marijampolės apskritis","Miestas","Vyrai","15 metų ir vyresni","tūkst.","11.4"
"2017","Neaktyvūs gyventojai","Marijampolės apskritis","Miestas","Vyrai","15 metų ir vyresni","tūkst.","8.3"
"2018","Neaktyvūs gyventojai","Marijampolės apskritis","Miestas","Vyrai","15 metų ir vyresni","tūkst.","7.6"
"2014","Neaktyvūs gyventojai","Panevėžio apskritis","Miestas","Vyrai","15 metų ir vyresni","tūkst.","18.6"
"2015","Neaktyvūs gyventojai","Panevėžio apskritis","Miestas","Vyrai","15 metų ir vyresni","tūkst.","18.2"
"2016","Neaktyvūs gyventojai","Panevėžio apskritis","Miestas","Vyrai","15 metų ir vyresni","tūkst.","14.4"
"2017","Neaktyvūs gyventojai","Panevėžio apskritis","Miestas","Vyrai","15 metų ir vyresni","tūkst.","16.6"
"2018","Neaktyvūs gyventojai","Panevėžio apskritis","Miestas","Vyrai","15 metų ir vyresni","tūkst.","18.7"
"2014","Neaktyvūs gyventojai","Šiaulių apskritis","Miestas","Vyrai","15 metų ir vyresni","tūkst.","21.7"
"2015","Neaktyvūs gyventojai","Šiaulių apskritis","Miestas","Vyrai","15 metų ir vyresni","tūkst.","24.8"
"2016","Neaktyvūs gyventojai","Šiaulių apskritis","Miestas","Vyrai","15 metų ir vyresni","tūkst.","23.3"
"2017","Neaktyvūs gyventojai","Šiaulių apskritis","Miestas","Vyrai","15 metų ir vyresni","tūkst.","19.5"
"2018","Neaktyvūs gyventojai","Šiaulių apskritis","Miestas","Vyrai","15 metų ir vyresni","tūkst.","17.4"
"2014","Neaktyvūs gyventojai","Tauragės apskritis","Miestas","Vyrai","15 metų ir vyresni","tūkst.","4.9"
"2015","Neaktyvūs gyventojai","Tauragės apskritis","Miestas","Vyrai","15 metų ir vyresni","tūkst.","4.8"
"2016","Neaktyvūs gyventojai","Tauragės apskritis","Miestas","Vyrai","15 metų ir vyresni","tūkst.","5.2"
"2017","Neaktyvūs gyventojai","Tauragės apskritis","Miestas","Vyrai","15 metų ir vyresni","tūkst.","4.9"
"2018","Neaktyvūs gyventojai","Tauragės apskritis","Miestas","Vyrai","15 metų ir vyresni","tūkst.","4.4"
"2014","Neaktyvūs gyventojai","Telšių apskritis","Miestas","Vyrai","15 metų ir vyresni","tūkst.","11.7"
"2015","Neaktyvūs gyventojai","Telšių apskritis","Miestas","Vyrai","15 metų ir vyresni","tūkst.","9.1"
"2016","Neaktyvūs gyventojai","Telšių apskritis","Miestas","Vyrai","15 metų ir vyresni","tūkst.","8.5"
"2017","Neaktyvūs gyventojai","Telšių apskritis","Miestas","Vyrai","15 metų ir vyresni","tūkst.","11.1"
"2018","Neaktyvūs gyventojai","Telšių apskritis","Miestas","Vyrai","15 metų ir vyresni","tūkst.","9.3"
"2014","Neaktyvūs gyventojai","Utenos apskritis","Miestas","Vyrai","15 metų ir vyresni","tūkst.","9.9"
"2015","Neaktyvūs gyventojai","Utenos apskritis","Miestas","Vyrai","15 metų ir vyresni","tūkst.","9.6"
"2016","Neaktyvūs gyventojai","Utenos apskritis","Miestas","Vyrai","15 metų ir vyresni","tūkst.","8.6"
"2017","Neaktyvūs gyventojai","Utenos apskritis","Miestas","Vyrai","15 metų ir vyresni","tūkst.","8.3"
"2018","Neaktyvūs gyventojai","Utenos apskritis","Miestas","Vyrai","15 metų ir vyresni","tūkst.","8.3"
"2014","Neaktyvūs gyventojai","Lietuvos Respublika","Miestas","Moterys","15 metų ir vyresni","tūkst.","407.0"
"2015","Neaktyvūs gyventojai","Lietuvos Respublika","Miestas","Moterys","15 metų ir vyresni","tūkst.","403.5"
"2016","Neaktyvūs gyventojai","Lietuvos Respublika","Miestas","Moterys","15 metų ir vyresni","tūkst.","384.3"
"2017","Neaktyvūs gyventojai","Lietuvos Respublika","Miestas","Moterys","15 metų ir vyresni","tūkst.","373.8"
"2018","Neaktyvūs gyventojai","Lietuvos Respublika","Miestas","Moterys","15 metų ir vyresni","tūkst.","362.3"
"2014","Neaktyvūs gyventojai","Sostinės regionas","Miestas","Moterys","15 metų ir vyresni","tūkst.","127.9"
"2015","Neaktyvūs gyventojai","Sostinės regionas","Miestas","Moterys","15 metų ir vyresni","tūkst.","120.9"
"2016","Neaktyvūs gyventojai","Sostinės regionas","Miestas","Moterys","15 metų ir vyresni","tūkst.","117.9"
"2017","Neaktyvūs gyventojai","Sostinės regionas","Miestas","Moterys","15 metų ir vyresni","tūkst.","110.8"
"2018","Neaktyvūs gyventojai","Sostinės regionas","Miestas","Moterys","15 metų ir vyresni","tūkst.","106.2"
"2014","Neaktyvūs gyventojai","Vilniaus apskritis","Miestas","Moterys","15 metų ir vyresni","tūkst.","127.9"
"2015","Neaktyvūs gyventojai","Vilniaus apskritis","Miestas","Moterys","15 metų ir vyresni","tūkst.","120.9"
"2016","Neaktyvūs gyventojai","Vilniaus apskritis","Miestas","Moterys","15 metų ir vyresni","tūkst.","117.9"
"2017","Neaktyvūs gyventojai","Vilniaus apskritis","Miestas","Moterys","15 metų ir vyresni","tūkst.","110.8"
"2018","Neaktyvūs gyventojai","Vilniaus apskritis","Miestas","Moterys","15 metų ir vyresni","tūkst.","106.2"
"2014","Neaktyvūs gyventojai","Vidurio ir vakarų Lietuvos regionas","Miestas","Moterys","15 metų ir vyresni","tūkst.","279.0"
"2015","Neaktyvūs gyventojai","Vidurio ir vakarų Lietuvos regionas","Miestas","Moterys","15 metų ir vyresni","tūkst.","282.6"
"2016","Neaktyvūs gyventojai","Vidurio ir vakarų Lietuvos regionas","Miestas","Moterys","15 metų ir vyresni","tūkst.","266.3"
"2017","Neaktyvūs gyventojai","Vidurio ir vakarų Lietuvos regionas","Miestas","Moterys","15 metų ir vyresni","tūkst.","263.1"
"2018","Neaktyvūs gyventojai","Vidurio ir vakarų Lietuvos regionas","Miestas","Moterys","15 metų ir vyresni","tūkst.","256.1"
"2014","Neaktyvūs gyventojai","Alytaus apskritis","Miestas","Moterys","15 metų ir vyresni","tūkst.","18.9"
"2015","Neaktyvūs gyventojai","Alytaus apskritis","Miestas","Moterys","15 metų ir vyresni","tūkst.","18.2"
"2016","Neaktyvūs gyventojai","Alytaus apskritis","Miestas","Moterys","15 metų ir vyresni","tūkst.","18.9"
"2017","Neaktyvūs gyventojai","Alytaus apskritis","Miestas","Moterys","15 metų ir vyresni","tūkst.","17.8"
"2018","Neaktyvūs gyventojai","Alytaus apskritis","Miestas","Moterys","15 metų ir vyresni","tūkst.","18.3"
"2014","Neaktyvūs gyventojai","Kauno apskritis","Miestas","Moterys","15 metų ir vyresni","tūkst.","91.3"
"2015","Neaktyvūs gyventojai","Kauno apskritis","Miestas","Moterys","15 metų ir vyresni","tūkst.","92.4"
"2016","Neaktyvūs gyventojai","Kauno apskritis","Miestas","Moterys","15 metų ir vyresni","tūkst.","83.7"
"2017","Neaktyvūs gyventojai","Kauno apskritis","Miestas","Moterys","15 metų ir vyresni","tūkst.","83.5"
"2018","Neaktyvūs gyventojai","Kauno apskritis","Miestas","Moterys","15 metų ir vyresni","tūkst.","77.3"
"2014","Neaktyvūs gyventojai","Klaipėdos apskritis","Miestas","Moterys","15 metų ir vyresni","tūkst.","45.2"
"2015","Neaktyvūs gyventojai","Klaipėdos apskritis","Miestas","Moterys","15 metų ir vyresni","tūkst.","43.9"
"2016","Neaktyvūs gyventojai","Klaipėdos apskritis","Miestas","Moterys","15 metų ir vyresni","tūkst.","45.4"
"2017","Neaktyvūs gyventojai","Klaipėdos apskritis","Miestas","Moterys","15 metų ir vyresni","tūkst.","46.8"
"2018","Neaktyvūs gyventojai","Klaipėdos apskritis","Miestas","Moterys","15 metų ir vyresni","tūkst.","46.0"
"2014","Neaktyvūs gyventojai","Marijampolės apskritis","Miestas","Moterys","15 metų ir vyresni","tūkst.","12.1"
"2015","Neaktyvūs gyventojai","Marijampolės apskritis","Miestas","Moterys","15 metų ir vyresni","tūkst.","13.6"
"2016","Neaktyvūs gyventojai","Marijampolės apskritis","Miestas","Moterys","15 metų ir vyresni","tūkst.","16.8"
"2017","Neaktyvūs gyventojai","Marijampolės apskritis","Miestas","Moterys","15 metų ir vyresni","tūkst.","15.3"
"2018","Neaktyvūs gyventojai","Marijampolės apskritis","Miestas","Moterys","15 metų ir vyresni","tūkst.","13.6"
"2014","Neaktyvūs gyventojai","Panevėžio apskritis","Miestas","Moterys","15 metų ir vyresni","tūkst.","30.9"
"2015","Neaktyvūs gyventojai","Panevėžio apskritis","Miestas","Moterys","15 metų ir vyresni","tūkst.","30.5"
"2016","Neaktyvūs gyventojai","Panevėžio apskritis","Miestas","Moterys","15 metų ir vyresni","tūkst.","29.4"
"2017","Neaktyvūs gyventojai","Panevėžio apskritis","Miestas","Moterys","15 metų ir vyresni","tūkst.","28.0"
"2018","Neaktyvūs gyventojai","Panevėžio apskritis","Miestas","Moterys","15 metų ir vyresni","tūkst.","29.8"
"2014","Neaktyvūs gyventojai","Šiaulių apskritis","Miestas","Moterys","15 metų ir vyresni","tūkst.","37.5"
"2015","Neaktyvūs gyventojai","Šiaulių apskritis","Miestas","Moterys","15 metų ir vyresni","tūkst.","42.2"
"2016","Neaktyvūs gyventojai","Šiaulių apskritis","Miestas","Moterys","15 metų ir vyresni","tūkst.","32.6"
"2017","Neaktyvūs gyventojai","Šiaulių apskritis","Miestas","Moterys","15 metų ir vyresni","tūkst.","35.1"
"2018","Neaktyvūs gyventojai","Šiaulių apskritis","Miestas","Moterys","15 metų ir vyresni","tūkst.","35.8"
"2014","Neaktyvūs gyventojai","Tauragės apskritis","Miestas","Moterys","15 metų ir vyresni","tūkst.","7.5"
"2015","Neaktyvūs gyventojai","Tauragės apskritis","Miestas","Moterys","15 metų ir vyresni","tūkst.","9.1"
"2016","Neaktyvūs gyventojai","Tauragės apskritis","Miestas","Moterys","15 metų ir vyresni","tūkst.","8.4"
"2017","Neaktyvūs gyventojai","Tauragės apskritis","Miestas","Moterys","15 metų ir vyresni","tūkst.","7.1"
"2018","Neaktyvūs gyventojai","Tauragės apskritis","Miestas","Moterys","15 metų ir vyresni","tūkst.","7.3"
"2014","Neaktyvūs gyventojai","Telšių apskritis","Miestas","Moterys","15 metų ir vyresni","tūkst.","20.7"
"2015","Neaktyvūs gyventojai","Telšių apskritis","Miestas","Moterys","15 metų ir vyresni","tūkst.","17.3"
"2016","Neaktyvūs gyventojai","Telšių apskritis","Miestas","Moterys","15 metų ir vyresni","tūkst.","16.3"
"2017","Neaktyvūs gyventojai","Telšių apskritis","Miestas","Moterys","15 metų ir vyresni","tūkst.","14.8"
"2018","Neaktyvūs gyventojai","Telšių apskritis","Miestas","Moterys","15 metų ir vyresni","tūkst.","13.9"
"2014","Neaktyvūs gyventojai","Utenos apskritis","Miestas","Moterys","15 metų ir vyresni","tūkst.","14.9"
"2015","Neaktyvūs gyventojai","Utenos apskritis","Miestas","Moterys","15 metų ir vyresni","tūkst.","15.3"
"2016","Neaktyvūs gyventojai","Utenos apskritis","Miestas","Moterys","15 metų ir vyresni","tūkst.","14.8"
"2017","Neaktyvūs gyventojai","Utenos apskritis","Miestas","Moterys","15 metų ir vyresni","tūkst.","14.5"
"2018","Neaktyvūs gyventojai","Utenos apskritis","Miestas","Moterys","15 metų ir vyresni","tūkst.","14.0"
"2014","Neaktyvūs gyventojai","Lietuvos Respublika","Kaimas","Vyrai ir moterys","15 metų ir vyresni","tūkst.","377.9"
"2015","Neaktyvūs gyventojai","Lietuvos Respublika","Kaimas","Vyrai ir moterys","15 metų ir vyresni","tūkst.","367.4"
"2016","Neaktyvūs gyventojai","Lietuvos Respublika","Kaimas","Vyrai ir moterys","15 metų ir vyresni","tūkst.","357.7"
"2017","Neaktyvūs gyventojai","Lietuvos Respublika","Kaimas","Vyrai ir moterys","15 metų ir vyresni","tūkst.","351.9"
"2018","Neaktyvūs gyventojai","Lietuvos Respublika","Kaimas","Vyrai ir moterys","15 metų ir vyresni","tūkst.","340.1"
"2014","Neaktyvūs gyventojai","Sostinės regionas","Kaimas","Vyrai ir moterys","15 metų ir vyresni","tūkst.","60.1"
"2015","Neaktyvūs gyventojai","Sostinės regionas","Kaimas","Vyrai ir moterys","15 metų ir vyresni","tūkst.","65.1"
"2016","Neaktyvūs gyventojai","Sostinės regionas","Kaimas","Vyrai ir moterys","15 metų ir vyresni","tūkst.","60.5"
"2017","Neaktyvūs gyventojai","Sostinės regionas","Kaimas","Vyrai ir moterys","15 metų ir vyresni","tūkst.","55.2"
"2018","Neaktyvūs gyventojai","Sostinės regionas","Kaimas","Vyrai ir moterys","15 metų ir vyresni","tūkst.","48.6"
"2014","Neaktyvūs gyventojai","Vilniaus apskritis","Kaimas","Vyrai ir moterys","15 metų ir vyresni","tūkst.","60.1"
"2015","Neaktyvūs gyventojai","Vilniaus apskritis","Kaimas","Vyrai ir moterys","15 metų ir vyresni","tūkst.","65.1"
"2016","Neaktyvūs gyventojai","Vilniaus apskritis","Kaimas","Vyrai ir moterys","15 metų ir vyresni","tūkst.","60.5"
"2017","Neaktyvūs gyventojai","Vilniaus apskritis","Kaimas","Vyrai ir moterys","15 metų ir vyresni","tūkst.","55.2"
"2018","Neaktyvūs gyventojai","Vilniaus apskritis","Kaimas","Vyrai ir moterys","15 metų ir vyresni","tūkst.","48.6"
"2014","Neaktyvūs gyventojai","Vidurio ir vakarų Lietuvos regionas","Kaimas","Vyrai ir moterys","15 metų ir vyresni","tūkst.","317.8"
"2015","Neaktyvūs gyventojai","Vidurio ir vakarų Lietuvos regionas","Kaimas","Vyrai ir moterys","15 metų ir vyresni","tūkst.","302.3"
"2016","Neaktyvūs gyventojai","Vidurio ir vakarų Lietuvos regionas","Kaimas","Vyrai ir moterys","15 metų ir vyresni","tūkst.","297.2"
"2017","Neaktyvūs gyventojai","Vidurio ir vakarų Lietuvos regionas","Kaimas","Vyrai ir moterys","15 metų ir vyresni","tūkst.","296.7"
"2018","Neaktyvūs gyventojai","Vidurio ir vakarų Lietuvos regionas","Kaimas","Vyrai ir moterys","15 metų ir vyresni","tūkst.","291.5"
"2014","Neaktyvūs gyventojai","Alytaus apskritis","Kaimas","Vyrai ir moterys","15 metų ir vyresni","tūkst.","24.9"
"2015","Neaktyvūs gyventojai","Alytaus apskritis","Kaimas","Vyrai ir moterys","15 metų ir vyresni","tūkst.","23.1"
"2016","Neaktyvūs gyventojai","Alytaus apskritis","Kaimas","Vyrai ir moterys","15 metų ir vyresni","tūkst.","22.4"
"2017","Neaktyvūs gyventojai","Alytaus apskritis","Kaimas","Vyrai ir moterys","15 metų ir vyresni","tūkst.","22.3"
"2018","Neaktyvūs gyventojai","Alytaus apskritis","Kaimas","Vyrai ir moterys","15 metų ir vyresni","tūkst.","21.8"
"2014","Neaktyvūs gyventojai","Kauno apskritis","Kaimas","Vyrai ir moterys","15 metų ir vyresni","tūkst.","64.3"
"2015","Neaktyvūs gyventojai","Kauno apskritis","Kaimas","Vyrai ir moterys","15 metų ir vyresni","tūkst.","62.1"
"2016","Neaktyvūs gyventojai","Kauno apskritis","Kaimas","Vyrai ir moterys","15 metų ir vyresni","tūkst.","59.5"
"2017","Neaktyvūs gyventojai","Kauno apskritis","Kaimas","Vyrai ir moterys","15 metų ir vyresni","tūkst.","64.0"
"2018","Neaktyvūs gyventojai","Kauno apskritis","Kaimas","Vyrai ir moterys","15 metų ir vyresni","tūkst.","55.2"
"2014","Neaktyvūs gyventojai","Klaipėdos apskritis","Kaimas","Vyrai ir moterys","15 metų ir vyresni","tūkst.","37.0"
"2015","Neaktyvūs gyventojai","Klaipėdos apskritis","Kaimas","Vyrai ir moterys","15 metų ir vyresni","tūkst.","34.0"
"2016","Neaktyvūs gyventojai","Klaipėdos apskritis","Kaimas","Vyrai ir moterys","15 metų ir vyresni","tūkst.","36.6"
"2017","Neaktyvūs gyventojai","Klaipėdos apskritis","Kaimas","Vyrai ir moterys","15 metų ir vyresni","tūkst.","34.2"
"2018","Neaktyvūs gyventojai","Klaipėdos apskritis","Kaimas","Vyrai ir moterys","15 metų ir vyresni","tūkst.","38.6"
"2014","Neaktyvūs gyventojai","Marijampolės apskritis","Kaimas","Vyrai ir moterys","15 metų ir vyresni","tūkst.","36.2"
"2015","Neaktyvūs gyventojai","Marijampolės apskritis","Kaimas","Vyrai ir moterys","15 metų ir vyresni","tūkst.","32.2"
"2016","Neaktyvūs gyventojai","Marijampolės apskritis","Kaimas","Vyrai ir moterys","15 metų ir vyresni","tūkst.","30.2"
"2017","Neaktyvūs gyventojai","Marijampolės apskritis","Kaimas","Vyrai ir moterys","15 metų ir vyresni","tūkst.","29.6"
"2018","Neaktyvūs gyventojai","Marijampolės apskritis","Kaimas","Vyrai ir moterys","15 metų ir vyresni","tūkst.","31.5"
"2014","Neaktyvūs gyventojai","Panevėžio apskritis","Kaimas","Vyrai ir moterys","15 metų ir vyresni","tūkst.","39.2"
"2015","Neaktyvūs gyventojai","Panevėžio apskritis","Kaimas","Vyrai ir moterys","15 metų ir vyresni","tūkst.","37.5"
"2016","Neaktyvūs gyventojai","Panevėžio apskritis","Kaimas","Vyrai ir moterys","15 metų ir vyresni","tūkst.","36.5"
"2017","Neaktyvūs gyventojai","Panevėžio apskritis","Kaimas","Vyrai ir moterys","15 metų ir vyresni","tūkst.","37.7"
"2018","Neaktyvūs gyventojai","Panevėžio apskritis","Kaimas","Vyrai ir moterys","15 metų ir vyresni","tūkst.","37.5"
"2014","Neaktyvūs gyventojai","Šiaulių apskritis","Kaimas","Vyrai ir moterys","15 metų ir vyresni","tūkst.","41.9"
"2015","Neaktyvūs gyventojai","Šiaulių apskritis","Kaimas","Vyrai ir moterys","15 metų ir vyresni","tūkst.","39.7"
"2016","Neaktyvūs gyventojai","Šiaulių apskritis","Kaimas","Vyrai ir moterys","15 metų ir vyresni","tūkst.","41.5"
"2017","Neaktyvūs gyventojai","Šiaulių apskritis","Kaimas","Vyrai ir moterys","15 metų ir vyresni","tūkst.","41.3"
"2018","Neaktyvūs gyventojai","Šiaulių apskritis","Kaimas","Vyrai ir moterys","15 metų ir vyresni","tūkst.","42.6"
"2014","Neaktyvūs gyventojai","Tauragės apskritis","Kaimas","Vyrai ir moterys","15 metų ir vyresni","tūkst.","27.3"
"2015","Neaktyvūs gyventojai","Tauragės apskritis","Kaimas","Vyrai ir moterys","15 metų ir vyresni","tūkst.","24.8"
"2016","Neaktyvūs gyventojai","Tauragės apskritis","Kaimas","Vyrai ir moterys","15 metų ir vyresni","tūkst.","22.5"
"2017","Neaktyvūs gyventojai","Tauragės apskritis","Kaimas","Vyrai ir moterys","15 metų ir vyresni","tūkst.","22.9"
"2018","Neaktyvūs gyventojai","Tauragės apskritis","Kaimas","Vyrai ir moterys","15 metų ir vyresni","tūkst.","22.4"
"2014","Neaktyvūs gyventojai","Telšių apskritis","Kaimas","Vyrai ir moterys","15 metų ir vyresni","tūkst.","18.4"
"2015","Neaktyvūs gyventojai","Telšių apskritis","Kaimas","Vyrai ir moterys","15 metų ir vyresni","tūkst.","20.2"
"2016","Neaktyvūs gyventojai","Telšių apskritis","Kaimas","Vyrai ir moterys","15 metų ir vyresni","tūkst.","21.4"
"2017","Neaktyvūs gyventojai","Telšių apskritis","Kaimas","Vyrai ir moterys","15 metų ir vyresni","tūkst.","16.5"
"2018","Neaktyvūs gyventojai","Telšių apskritis","Kaimas","Vyrai ir moterys","15 metų ir vyresni","tūkst.","17.5"
"2014","Neaktyvūs gyventojai","Utenos apskritis","Kaimas","Vyrai ir moterys","15 metų ir vyresni","tūkst.","28.6"
"2015","Neaktyvūs gyventojai","Utenos apskritis","Kaimas","Vyrai ir moterys","15 metų ir vyresni","tūkst.","28.9"
"2016","Neaktyvūs gyventojai","Utenos apskritis","Kaimas","Vyrai ir moterys","15 metų ir vyresni","tūkst.","26.6"
"2017","Neaktyvūs gyventojai","Utenos apskritis","Kaimas","Vyrai ir moterys","15 metų ir vyresni","tūkst.","28.1"
"2018","Neaktyvūs gyventojai","Utenos apskritis","Kaimas","Vyrai ir moterys","15 metų ir vyresni","tūkst.","24.3"
"2014","Neaktyvūs gyventojai","Lietuvos Respublika","Kaimas","Vyrai","15 metų ir vyresni","tūkst.","151.3"
"2015","Neaktyvūs gyventojai","Lietuvos Respublika","Kaimas","Vyrai","15 metų ir vyresni","tūkst.","150.6"
"2016","Neaktyvūs gyventojai","Lietuvos Respublika","Kaimas","Vyrai","15 metų ir vyresni","tūkst.","145.7"
"2017","Neaktyvūs gyventojai","Lietuvos Respublika","Kaimas","Vyrai","15 metų ir vyresni","tūkst.","143.0"
"2018","Neaktyvūs gyventojai","Lietuvos Respublika","Kaimas","Vyrai","15 metų ir vyresni","tūkst.","136.8"
"2014","Neaktyvūs gyventojai","Sostinės regionas","Kaimas","Vyrai","15 metų ir vyresni","tūkst.","25.4"
"2015","Neaktyvūs gyventojai","Sostinės regionas","Kaimas","Vyrai","15 metų ir vyresni","tūkst.","28.2"
"2016","Neaktyvūs gyventojai","Sostinės regionas","Kaimas","Vyrai","15 metų ir vyresni","tūkst.","24.8"
"2017","Neaktyvūs gyventojai","Sostinės regionas","Kaimas","Vyrai","15 metų ir vyresni","tūkst.","23.1"
"2018","Neaktyvūs gyventojai","Sostinės regionas","Kaimas","Vyrai","15 metų ir vyresni","tūkst.","19.9"
"2014","Neaktyvūs gyventojai","Vilniaus apskritis","Kaimas","Vyrai","15 metų ir vyresni","tūkst.","25.4"
"2015","Neaktyvūs gyventojai","Vilniaus apskritis","Kaimas","Vyrai","15 metų ir vyresni","tūkst.","28.2"
"2016","Neaktyvūs gyventojai","Vilniaus apskritis","Kaimas","Vyrai","15 metų ir vyresni","tūkst.","24.8"
"2017","Neaktyvūs gyventojai","Vilniaus apskritis","Kaimas","Vyrai","15 metų ir vyresni","tūkst.","23.1"
"2018","Neaktyvūs gyventojai","Vilniaus apskritis","Kaimas","Vyrai","15 metų ir vyresni","tūkst.","19.9"
"2014","Neaktyvūs gyventojai","Vidurio ir vakarų Lietuvos regionas","Kaimas","Vyrai","15 metų ir vyresni","tūkst.","125.9"
"2015","Neaktyvūs gyventojai","Vidurio ir vakarų Lietuvos regionas","Kaimas","Vyrai","15 metų ir vyresni","tūkst.","122.4"
"2016","Neaktyvūs gyventojai","Vidurio ir vakarų Lietuvos regionas","Kaimas","Vyrai","15 metų ir vyresni","tūkst.","121.0"
"2017","Neaktyvūs gyventojai","Vidurio ir vakarų Lietuvos regionas","Kaimas","Vyrai","15 metų ir vyresni","tūkst.","119.9"
"2018","Neaktyvūs gyventojai","Vidurio ir vakarų Lietuvos regionas","Kaimas","Vyrai","15 metų ir vyresni","tūkst.","116.8"
"2014","Neaktyvūs gyventojai","Alytaus apskritis","Kaimas","Vyrai","15 metų ir vyresni","tūkst.","10.3"
"2015","Neaktyvūs gyventojai","Alytaus apskritis","Kaimas","Vyrai","15 metų ir vyresni","tūkst.","8.9"
"2016","Neaktyvūs gyventojai","Alytaus apskritis","Kaimas","Vyrai","15 metų ir vyresni","tūkst.","9.1"
"2017","Neaktyvūs gyventojai","Alytaus apskritis","Kaimas","Vyrai","15 metų ir vyresni","tūkst.","10.1"
"2018","Neaktyvūs gyventojai","Alytaus apskritis","Kaimas","Vyrai","15 metų ir vyresni","tūkst.","9.5"
"2014","Neaktyvūs gyventojai","Kauno apskritis","Kaimas","Vyrai","15 metų ir vyresni","tūkst.","25.3"
"2015","Neaktyvūs gyventojai","Kauno apskritis","Kaimas","Vyrai","15 metų ir vyresni","tūkst.","24.3"
"2016","Neaktyvūs gyventojai","Kauno apskritis","Kaimas","Vyrai","15 metų ir vyresni","tūkst.","23.6"
"2017","Neaktyvūs gyventojai","Kauno apskritis","Kaimas","Vyrai","15 metų ir vyresni","tūkst.","26.2"
"2018","Neaktyvūs gyventojai","Kauno apskritis","Kaimas","Vyrai","15 metų ir vyresni","tūkst.","22.3"
"2014","Neaktyvūs gyventojai","Klaipėdos apskritis","Kaimas","Vyrai","15 metų ir vyresni","tūkst.","12.9"
"2015","Neaktyvūs gyventojai","Klaipėdos apskritis","Kaimas","Vyrai","15 metų ir vyresni","tūkst.","11.6"
"2016","Neaktyvūs gyventojai","Klaipėdos apskritis","Kaimas","Vyrai","15 metų ir vyresni","tūkst.","14.3"
"2017","Neaktyvūs gyventojai","Klaipėdos apskritis","Kaimas","Vyrai","15 metų ir vyresni","tūkst.","13.7"
"2018","Neaktyvūs gyventojai","Klaipėdos apskritis","Kaimas","Vyrai","15 metų ir vyresni","tūkst.","15.2"
"2014","Neaktyvūs gyventojai","Marijampolės apskritis","Kaimas","Vyrai","15 metų ir vyresni","tūkst.","16.3"
"2015","Neaktyvūs gyventojai","Marijampolės apskritis","Kaimas","Vyrai","15 metų ir vyresni","tūkst.","12.9"
"2016","Neaktyvūs gyventojai","Marijampolės apskritis","Kaimas","Vyrai","15 metų ir vyresni","tūkst.","13.5"
"2017","Neaktyvūs gyventojai","Marijampolės apskritis","Kaimas","Vyrai","15 metų ir vyresni","tūkst.","12.8"
"2018","Neaktyvūs gyventojai","Marijampolės apskritis","Kaimas","Vyrai","15 metų ir vyresni","tūkst.","12.4"
"2014","Neaktyvūs gyventojai","Panevėžio apskritis","Kaimas","Vyrai","15 metų ir vyresni","tūkst.","15.1"
"2015","Neaktyvūs gyventojai","Panevėžio apskritis","Kaimas","Vyrai","15 metų ir vyresni","tūkst.","16.5"
"2016","Neaktyvūs gyventojai","Panevėžio apskritis","Kaimas","Vyrai","15 metų ir vyresni","tūkst.","15.5"
"2017","Neaktyvūs gyventojai","Panevėžio apskritis","Kaimas","Vyrai","15 metų ir vyresni","tūkst.","13.3"
"2018","Neaktyvūs gyventojai","Panevėžio apskritis","Kaimas","Vyrai","15 metų ir vyresni","tūkst.","15.1"
"2014","Neaktyvūs gyventojai","Šiaulių apskritis","Kaimas","Vyrai","15 metų ir vyresni","tūkst.","17.1"
"2015","Neaktyvūs gyventojai","Šiaulių apskritis","Kaimas","Vyrai","15 metų ir vyresni","tūkst.","16.4"
"2016","Neaktyvūs gyventojai","Šiaulių apskritis","Kaimas","Vyrai","15 metų ir vyresni","tūkst.","16.9"
"2017","Neaktyvūs gyventojai","Šiaulių apskritis","Kaimas","Vyrai","15 metų ir vyresni","tūkst.","16.1"
"2018","Neaktyvūs gyventojai","Šiaulių apskritis","Kaimas","Vyrai","15 metų ir vyresni","tūkst.","16.7"
"2014","Neaktyvūs gyventojai","Tauragės apskritis","Kaimas","Vyrai","15 metų ir vyresni","tūkst.","9.5"
"2015","Neaktyvūs gyventojai","Tauragės apskritis","Kaimas","Vyrai","15 metų ir vyresni","tūkst.","9.5"
"2016","Neaktyvūs gyventojai","Tauragės apskritis","Kaimas","Vyrai","15 metų ir vyresni","tūkst.","8.5"
"2017","Neaktyvūs gyventojai","Tauragės apskritis","Kaimas","Vyrai","15 metų ir vyresni","tūkst.","9.5"
"2018","Neaktyvūs gyventojai","Tauragės apskritis","Kaimas","Vyrai","15 metų ir vyresni","tūkst.","8.1"
"2014","Neaktyvūs gyventojai","Telšių apskritis","Kaimas","Vyrai","15 metų ir vyresni","tūkst.","6.5"
"2015","Neaktyvūs gyventojai","Telšių apskritis","Kaimas","Vyrai","15 metų ir vyresni","tūkst.","8.3"
"2016","Neaktyvūs gyventojai","Telšių apskritis","Kaimas","Vyrai","15 metų ir vyresni","tūkst.","7.8"
"2017","Neaktyvūs gyventojai","Telšių apskritis","Kaimas","Vyrai","15 metų ir vyresni","tūkst.","6.0"
"2018","Neaktyvūs gyventojai","Telšių apskritis","Kaimas","Vyrai","15 metų ir vyresni","tūkst.","7.2"
"2014","Neaktyvūs gyventojai","Utenos apskritis","Kaimas","Vyrai","15 metų ir vyresni","tūkst.","12.8"
"2015","Neaktyvūs gyventojai","Utenos apskritis","Kaimas","Vyrai","15 metų ir vyresni","tūkst.","13.9"
"2016","Neaktyvūs gyventojai","Utenos apskritis","Kaimas","Vyrai","15 metų ir vyresni","tūkst.","11.9"
"2017","Neaktyvūs gyventojai","Utenos apskritis","Kaimas","Vyrai","15 metų ir vyresni","tūkst.","12.3"
"2018","Neaktyvūs gyventojai","Utenos apskritis","Kaimas","Vyrai","15 metų ir vyresni","tūkst.","10.4"
"2014","Neaktyvūs gyventojai","Lietuvos Respublika","Kaimas","Moterys","15 metų ir vyresni","tūkst.","226.6"
"2015","Neaktyvūs gyventojai","Lietuvos Respublika","Kaimas","Moterys","15 metų ir vyresni","tūkst.","216.9"
"2016","Neaktyvūs gyventojai","Lietuvos Respublika","Kaimas","Moterys","15 metų ir vyresni","tūkst.","212.0"
"2017","Neaktyvūs gyventojai","Lietuvos Respublika","Kaimas","Moterys","15 metų ir vyresni","tūkst.","208.9"
"2018","Neaktyvūs gyventojai","Lietuvos Respublika","Kaimas","Moterys","15 metų ir vyresni","tūkst.","203.3"
"2014","Neaktyvūs gyventojai","Sostinės regionas","Kaimas","Moterys","15 metų ir vyresni","tūkst.","34.8"
"2015","Neaktyvūs gyventojai","Sostinės regionas","Kaimas","Moterys","15 metų ir vyresni","tūkst.","36.9"
"2016","Neaktyvūs gyventojai","Sostinės regionas","Kaimas","Moterys","15 metų ir vyresni","tūkst.","35.8"
"2017","Neaktyvūs gyventojai","Sostinės regionas","Kaimas","Moterys","15 metų ir vyresni","tūkst.","32.1"
"2018","Neaktyvūs gyventojai","Sostinės regionas","Kaimas","Moterys","15 metų ir vyresni","tūkst.","28.7"
"2014","Neaktyvūs gyventojai","Vilniaus apskritis","Kaimas","Moterys","15 metų ir vyresni","tūkst.","34.8"
"2015","Neaktyvūs gyventojai","Vilniaus apskritis","Kaimas","Moterys","15 metų ir vyresni","tūkst.","36.9"
"2016","Neaktyvūs gyventojai","Vilniaus apskritis","Kaimas","Moterys","15 metų ir vyresni","tūkst.","35.8"
"2017","Neaktyvūs gyventojai","Vilniaus apskritis","Kaimas","Moterys","15 metų ir vyresni","tūkst.","32.1"
"2018","Neaktyvūs gyventojai","Vilniaus apskritis","Kaimas","Moterys","15 metų ir vyresni","tūkst.","28.7"
"2014","Neaktyvūs gyventojai","Vidurio ir vakarų Lietuvos regionas","Kaimas","Moterys","15 metų ir vyresni","tūkst.","191.9"
"2015","Neaktyvūs gyventojai","Vidurio ir vakarų Lietuvos regionas","Kaimas","Moterys","15 metų ir vyresni","tūkst.","180.0"
"2016","Neaktyvūs gyventojai","Vidurio ir vakarų Lietuvos regionas","Kaimas","Moterys","15 metų ir vyresni","tūkst.","176.2"
"2017","Neaktyvūs gyventojai","Vidurio ir vakarų Lietuvos regionas","Kaimas","Moterys","15 metų ir vyresni","tūkst.","176.8"
"2018","Neaktyvūs gyventojai","Vidurio ir vakarų Lietuvos regionas","Kaimas","Moterys","15 metų ir vyresni","tūkst.","174.6"
"2014","Neaktyvūs gyventojai","Alytaus apskritis","Kaimas","Moterys","15 metų ir vyresni","tūkst.","14.7"
"2015","Neaktyvūs gyventojai","Alytaus apskritis","Kaimas","Moterys","15 metų ir vyresni","tūkst.","14.1"
"2016","Neaktyvūs gyventojai","Alytaus apskritis","Kaimas","Moterys","15 metų ir vyresni","tūkst.","13.4"
"2017","Neaktyvūs gyventojai","Alytaus apskritis","Kaimas","Moterys","15 metų ir vyresni","tūkst.","12.2"
"2018","Neaktyvūs gyventojai","Alytaus apskritis","Kaimas","Moterys","15 metų ir vyresni","tūkst.","12.3"
"2014","Neaktyvūs gyventojai","Kauno apskritis","Kaimas","Moterys","15 metų ir vyresni","tūkst.","39.0"
"2015","Neaktyvūs gyventojai","Kauno apskritis","Kaimas","Moterys","15 metų ir vyresni","tūkst.","37.7"
"2016","Neaktyvūs gyventojai","Kauno apskritis","Kaimas","Moterys","15 metų ir vyresni","tūkst.","35.9"
"2017","Neaktyvūs gyventojai","Kauno apskritis","Kaimas","Moterys","15 metų ir vyresni","tūkst.","37.9"
"2018","Neaktyvūs gyventojai","Kauno apskritis","Kaimas","Moterys","15 metų ir vyresni","tūkst.","33.0"
"2014","Neaktyvūs gyventojai","Klaipėdos apskritis","Kaimas","Moterys","15 metų ir vyresni","tūkst.","24.1"
"2015","Neaktyvūs gyventojai","Klaipėdos apskritis","Kaimas","Moterys","15 metų ir vyresni","tūkst.","22.3"
"2016","Neaktyvūs gyventojai","Klaipėdos apskritis","Kaimas","Moterys","15 metų ir vyresni","tūkst.","22.3"
"2017","Neaktyvūs gyventojai","Klaipėdos apskritis","Kaimas","Moterys","15 metų ir vyresni","tūkst.","20.5"
"2018","Neaktyvūs gyventojai","Klaipėdos apskritis","Kaimas","Moterys","15 metų ir vyresni","tūkst.","23.4"
"2014","Neaktyvūs gyventojai","Marijampolės apskritis","Kaimas","Moterys","15 metų ir vyresni","tūkst.","19.9"
"2015","Neaktyvūs gyventojai","Marijampolės apskritis","Kaimas","Moterys","15 metų ir vyresni","tūkst.","19.3"
"2016","Neaktyvūs gyventojai","Marijampolės apskritis","Kaimas","Moterys","15 metų ir vyresni","tūkst.","16.7"
"2017","Neaktyvūs gyventojai","Marijampolės apskritis","Kaimas","Moterys","15 metų ir vyresni","tūkst.","16.9"
"2018","Neaktyvūs gyventojai","Marijampolės apskritis","Kaimas","Moterys","15 metų ir vyresni","tūkst.","19.2"
"2014","Neaktyvūs gyventojai","Panevėžio apskritis","Kaimas","Moterys","15 metų ir vyresni","tūkst.","24.1"
"2015","Neaktyvūs gyventojai","Panevėžio apskritis","Kaimas","Moterys","15 metų ir vyresni","tūkst.","20.9"
"2016","Neaktyvūs gyventojai","Panevėžio apskritis","Kaimas","Moterys","15 metų ir vyresni","tūkst.","20.9"
"2017","Neaktyvūs gyventojai","Panevėžio apskritis","Kaimas","Moterys","15 metų ir vyresni","tūkst.","24.4"
"2018","Neaktyvūs gyventojai","Panevėžio apskritis","Kaimas","Moterys","15 metų ir vyresni","tūkst.","22.4"
"2014","Neaktyvūs gyventojai","Šiaulių apskritis","Kaimas","Moterys","15 metų ir vyresni","tūkst.","24.8"
"2015","Neaktyvūs gyventojai","Šiaulių apskritis","Kaimas","Moterys","15 metų ir vyresni","tūkst.","23.3"
"2016","Neaktyvūs gyventojai","Šiaulių apskritis","Kaimas","Moterys","15 metų ir vyresni","tūkst.","24.7"
"2017","Neaktyvūs gyventojai","Šiaulių apskritis","Kaimas","Moterys","15 metų ir vyresni","tūkst.","25.2"
"2018","Neaktyvūs gyventojai","Šiaulių apskritis","Kaimas","Moterys","15 metų ir vyresni","tūkst.","25.9"
"2014","Neaktyvūs gyventojai","Tauragės apskritis","Kaimas","Moterys","15 metų ir vyresni","tūkst.","17.8"
"2015","Neaktyvūs gyventojai","Tauragės apskritis","Kaimas","Moterys","15 metų ir vyresni","tūkst.","15.4"
"2016","Neaktyvūs gyventojai","Tauragės apskritis","Kaimas","Moterys","15 metų ir vyresni","tūkst.","14.0"
"2017","Neaktyvūs gyventojai","Tauragės apskritis","Kaimas","Moterys","15 metų ir vyresni","tūkst.","13.4"
"2018","Neaktyvūs gyventojai","Tauragės apskritis","Kaimas","Moterys","15 metų ir vyresni","tūkst.","14.3"
"2014","Neaktyvūs gyventojai","Telšių apskritis","Kaimas","Moterys","15 metų ir vyresni","tūkst.","11.8"
"2015","Neaktyvūs gyventojai","Telšių apskritis","Kaimas","Moterys","15 metų ir vyresni","tūkst.","11.9"
"2016","Neaktyvūs gyventojai","Telšių apskritis","Kaimas","Moterys","15 metų ir vyresni","tūkst.","13.6"
"2017","Neaktyvūs gyventojai","Telšių apskritis","Kaimas","Moterys","15 metų ir vyresni","tūkst.","10.5"
"2018","Neaktyvūs gyventojai","Telšių apskritis","Kaimas","Moterys","15 metų ir vyresni","tūkst.","10.3"
"2014","Neaktyvūs gyventojai","Utenos apskritis","Kaimas","Moterys","15 metų ir vyresni","tūkst.","15.8"
"2015","Neaktyvūs gyventojai","Utenos apskritis","Kaimas","Moterys","15 metų ir vyresni","tūkst.","14.9"
"2016","Neaktyvūs gyventojai","Utenos apskritis","Kaimas","Moterys","15 metų ir vyresni","tūkst.","14.7"
"2017","Neaktyvūs gyventojai","Utenos apskritis","Kaimas","Moterys","15 metų ir vyresni","tūkst.","15.8"
"2018","Neaktyvūs gyventojai","Utenos apskritis","Kaimas","Moterys","15 metų ir vyresni","tūkst.","13.9"
